<?xml version="1.0" encoding="UTF-8"?>
<project-private xmlns="http://www.netbeans.org/ns/project-private/1">
    <editor-bookmarks xmlns="http://www.netbeans.org/ns/editor-bookmarks/2" lastBookmarkId="0"/>
    <open-files xmlns="http://www.netbeans.org/ns/projectui-open-files/2">
        <group>
            <file>file:/D:/Document/CSE%202.1%20all%20books%20&amp;%20sheets/CSE2100/Restaurent%20Billing%20System/Restaurent%20Billing%20System/src/restaurent/billing/system/RestaurentBillingSystem.java</file>
            <file>file:/D:/Document/CSE%202.1%20all%20books%20&amp;%20sheets/CSE2100/Restaurent%20Billing%20System/Restaurent%20Billing%20System/src/restaurent/billing/system/AddRemoveSalesMan.java</file>
            <file>file:/D:/Document/CSE%202.1%20all%20books%20&amp;%20sheets/CSE2100/Restaurent%20Billing%20System/Restaurent%20Billing%20System/src/restaurent/billing/system/BillGenerator.java</file>
            <file>file:/D:/Document/CSE%202.1%20all%20books%20&amp;%20sheets/CSE2100/Restaurent%20Billing%20System/Restaurent%20Billing%20System/src/restaurent/billing/system/ADDFOODITEM.java</file>
            <file>file:/D:/Document/CSE%202.1%20all%20books%20&amp;%20sheets/CSE2100/Restaurent%20Billing%20System/Restaurent%20Billing%20System/src/restaurent/billing/system/InventoryManagement.java</file>
            <file>file:/D:/Document/CSE%202.1%20all%20books%20&amp;%20sheets/CSE2100/Restaurent%20Billing%20System/Restaurent%20Billing%20System/src/restaurent/billing/system/AdminLogin.java</file>
            <file>file:/D:/Document/CSE%202.1%20all%20books%20&amp;%20sheets/CSE2100/Restaurent%20Billing%20System/Restaurent%20Billing%20System/src/restaurent/billing/system/DELETEFOODITEM.java</file>
            <file>file:/D:/Document/CSE%202.1%20all%20books%20&amp;%20sheets/CSE2100/Restaurent%20Billing%20System/Restaurent%20Billing%20System/src/restaurent/billing/system/LoginForm.java</file>
            <file>file:/D:/Document/CSE%202.1%20all%20books%20&amp;%20sheets/CSE2100/Restaurent%20Billing%20System/Restaurent%20Billing%20System/src/restaurent/billing/system/Management.java</file>
            <file>file:/D:/Document/CSE%202.1%20all%20books%20&amp;%20sheets/CSE2100/Restaurent%20Billing%20System/Restaurent%20Billing%20System/src/restaurent/billing/system/ConnectDatabase.java</file>
            <file>file:/D:/Document/CSE%202.1%20all%20books%20&amp;%20sheets/CSE2100/Restaurent%20Billing%20System/Restaurent%20Billing%20System/src/restaurent/billing/system/items.java</file>
            <file>file:/D:/Document/CSE%202.1%20all%20books%20&amp;%20sheets/CSE2100/Restaurent%20Billing%20System/Restaurent%20Billing%20System/src/restaurent/billing/system/Inventory_report.java</file>
        </group>
    </open-files>
</project-private>
